first_name,last_name,ssn,email
Tina,Fleming,619-16-7988,Tina.Fleming@deathstart.org
Erica,Shah,164-51-7615,Erica.Shah@deathstart.org
Paula,Ortiz,051-83-3290,Paula.Ortiz@deathstart.org
James,Hendricks,776-83-2884,James.Hendricks@deathstart.org
Lauren,King,197-94-2398,Lauren.King@deathstart.org
David,Cowan,252-92-1832,David.Cowan@deathstart.org
Andrew,Burton,296-23-6842,Andrew.Burton@deathstart.org
Julian,Baker,337-40-7543,Julian.Baker@deathstart.org
Scott,Castro,399-46-5595,Scott.Castro@deathstart.org
Billy,Rodriguez,014-18-2503,Billy.Rodriguez@deathstart.org
Darrell,Leblanc,005-82-7918,Darrell.Leblanc@deathstart.org
David,Hammond,561-17-6312,David.Hammond@deathstart.org
